자기자본비율,부채비율,유동비율,유동부채비율,비유동부채비율,비유동비율,금융비용부담률,재무레버리지,비유동적합률,유동자산구성비율,재고자산구성비율,유동자산/비유동자산비율,재고자산/유동자산비율,기업명
-1.12814380887266,0.12433981706571333,-0.44978708208231377,-7.050299612228515e-05,0.9173016428737115,0.35184917253391956,-0.30955902041192546,0.12433981706571333,0.7027283883991747,-0.8079806705784077,-0.612539030264567,-0.39668163169922305,-0.37310083045029424,BGF리테일
-2.054984572724194,1.0388421933797447,-0.4252273774337529,0.9674508074794566,1.3930000351578002,0.5452871212012406,-0.29446531343788457,1.0388421933797447,0.8610775063898971,0.6295496622491392,-0.8002196989284254,-0.06272883209582951,-1.0629399608688892,E1
-0.9126867764047678,0.04308614697559028,-0.3102313843100373,0.007813040808507681,0.26708805706144056,-0.09573312968203901,-0.3013953567841389,0.04308614697559028,-0.26288470895402155,0.578351405331679,0.4158762466501518,-0.08450339758335218,0.05025083957832561,GS글로벌
-0.7919557333748287,0.005319194563542756,-0.4571165896671722,-0.1376043663572036,0.9306143983320286,0.32233681523048635,-0.26678142300232405,0.005319194563542756,0.609156456793608,-1.3109438577053736,-0.8073423049498242,-0.44979444250996825,-0.3451398355533157,GS리테일
0.5214402946102765,-0.2260170392273764,-0.32924361181210304,-0.1940736326494427,-0.40935738292004115,-0.11682396548155477,-0.06961987565391511,-0.2260170392273764,0.17657585684116286,-0.5658279476622338,0.0,-0.36433900534576563,0.0,HLB글로벌
-2.306632753783098,1.9301743029309262,-0.4376172894565919,2.0831076074976758,0.7382772902386799,0.7320854429818725,-0.2832538820557244,1.9301743029309266,1.9915899767534206,1.0215832927216084,-1.081384571623143,0.16435471153078102,-1.3237241858376396,LS네트웍스
-1.016941693422456,0.07989212058180523,-0.32431200063839316,-0.01975726427699045,0.7170913998318957,0.058359365957926776,-0.21322778960404437,0.0798921205818053,-0.02089894549485151,0.09117213678807512,-0.2930901502048309,-0.23998002388383166,-0.4239252381420944,LX인터내셔널
1.3111208299495702,-0.29329040906396187,-0.07869387889135793,-0.2674535699900156,-0.4300601491368059,-0.1431297838160882,-0.310284679401062,-0.29329040906396187,0.0689362634485247,-1.0106514907076283,0.002587032258486638,-0.42005749717551827,1.128717516398968,SG세계물산
-1.0568880844094224,0.09518769990797217,-0.3375261895525645,-0.09856231725606836,1.3403573919341858,0.271424295678092,-0.09893649881503297,0.09518769990797217,0.21359139191839438,-0.6447917532361405,-0.5825350523994246,-0.3754858180714998,-0.43250532682889287,SK가스
-0.8927839917062087,0.03652431189738063,-0.40062083887091177,-0.038145754503837566,0.516433819577099,0.15540945029381056,-0.23953292796024542,0.03652431189738063,0.41873746607267154,-0.45432362646548563,-0.49750894301897647,-0.34749810481554694,-0.4147899672461501,SK네트웍스
-1.7954034421038352,0.6058678536407797,-0.48153345087717847,0.6800605548594473,0.06210025258498696,0.5559305650884989,0.004361058288559274,0.6058678536407797,2.395375831485454,0.013402072955767338,0.028495511661324798,-0.2585156551963331,-0.021165780961790823,STX
0.17459671881392422,-0.18503711727259609,-0.5017610184548166,-0.2124593605974515,0.011909017288508916,0.09975247294640004,-0.11170809702383679,-0.18503711727259609,0.6786155368672728,-1.6435998896975759,-0.766387320326781,-0.4773746936942238,0.5036832911206623,경방
0.437980032360187,-0.21696782213912055,-0.5001030978892959,-0.2560122110416003,0.05859312883521521,0.08240840822467473,-0.2842698046405156,-0.21696782213912055,0.5624694042377646,-1.87253302814197,-1.1380983220685308,-0.4937666073556294,-1.1438956211843287,광주신세계
-0.31734003505612257,-0.10696486944117593,-0.442970405858824,-0.1059182658025749,-0.10257352225761114,0.06303847309460921,-0.2967511392536648,-0.10696486944117596,0.6539311865752709,-0.7978117594462697,-0.7695924930364105,-0.39543069718611384,-0.6664893924288787,교촌에프앤비
-0.9587354362851606,0.05881368142155054,-0.606989798755387,-0.03080914190919947,0.63326040611924,0.2702349136964212,0.0,0.05881368142155047,0.6889025145490688,-1.940620520070199,-0.9290498353404761,-0.492910158415119,1.1667727332804152,대구백화점
0.7996098750906103,-0.25311858292317707,0.11869701962559419,-0.2183347276866064,-0.4520333530384369,-0.3684501403290727,-0.32526953752673243,-0.253118582923177,-1.0305614088188153,1.133220251889645,0.0,0.25829158850585665,0.0,더본코리아
-0.1486357704178642,-0.13704884483487592,-0.4171321353504124,-0.13712925439700865,-0.1222205726517405,0.02164100939558029,-0.1863784070059909,-0.13704884483487592,0.5016267670086809,-0.7740695625855822,-0.12508568067508674,-0.39246686479198384,0.47456146069546973,디아이동일
-0.7116874271613001,-0.017312341656643235,-0.5084699766754618,-0.1429245153998516,0.7982025832896266,0.3434232943194466,-0.08917638541114595,-0.017312341656643235,0.7732425431068704,-1.54929429211127,-0.81633459505184,-0.47004816230313,0.01759603145856907,롯데쇼핑
-0.4561901226465422,-0.07889264008291819,-0.4010868363180002,-0.14068706954079402,0.32964369292471596,0.11390306883089243,-0.275489330871963,-0.07889264008291819,0.430475171376259,-0.8784114333327376,0.5658071034005966,-0.40515009501099736,1.960683292358883,롯데하이마트
0.7034756697541736,-0.24424408925416355,0.20644035802963467,-0.2739007287987074,-0.026651450470460875,-0.08550357329755996,0.5365230779718705,-0.24424408925416355,-0.02650402948813766,-0.9564025604505266,-1.1118337123646227,-0.4140909028899623,-1.2761804002907917,메타케어
-0.5592715264154946,-0.05577090760319136,-0.39272698261897626,-0.011906867818420598,-0.33407947671958366,-0.06800702370638964,-0.2036128079979847,-0.055770907603191394,0.3296276209401912,0.1275149409211943,0.8884611561699621,-0.2308523544178463,0.847139194142212,모나미
-0.44173243942211715,-0.08197456706121929,-0.17241556645327186,-0.17788944093559303,0.5479263593709676,-0.023625213276795065,-0.21112337853554827,-0.08197456706121933,-0.1799734272964698,-0.20819176441064913,0.47009708498805036,-0.3049040441741616,0.6960791621446368,미스토홀딩스
1.209072117839505,-0.2861024817334675,0.4408675159594052,-0.26078542887425643,-0.4202545174282604,-0.3011738159299562,-0.29769449593954234,-0.2861024817334675,-0.7138411921158284,0.42767466994765113,-0.6842102533548924,-0.14149099102495213,-0.9257594840999588,삼영무역
-0.483133986837516,-0.0730563925373952,-0.590059338743078,-0.06903631875302361,-0.09147955937568014,0.3062387697276542,-0.24566474641844951,-0.0730563925373952,1.6514602916078858,-1.7893690201439196,-0.9433840799585412,-0.48802839945420956,0.06968221689842787,세기상사
1.5384068759647196,-0.3080739517031827,1.8642204218074965,-0.2772734712603238,-0.47545592951012666,-0.46179702069272177,-0.27178847002736645,-0.3080739517031827,-1.4918488311055027,1.7701035773611593,-0.43509710775646954,1.6357365866275166,-0.9260623107594927,세우글로벌
1.1796873460911603,-0.28396211984774966,-0.0018862594717548057,-0.2744421354510226,-0.316024946803667,-0.11445827164988014,-0.23205864037213864,-0.28396211984774966,0.09529114857774121,-1.1498771479037266,-1.09812269577343,-0.43449774537248803,-1.2207631215960582,세이브존I&C
-0.805146022290619,0.009223777640776242,-0.2621329543442248,-0.05520282633060356,0.4256243653419381,-0.09672645968870901,-0.20020221074904274,0.009223777640776242,-0.35384093469605504,0.4855490380866453,1.3310420878246298,-0.12075714076514056,0.962818978084224,신성통상
0.2189555196161374,-0.19080541682174704,-0.26625433880088645,-0.19513711000220463,-0.14283387142590903,-0.09690072811093185,-0.24519306807551072,-0.19080541682174704,0.01939171709218258,-0.4350911206286161,0.9836369791309038,-0.3444486275273658,1.7082772716372414,신세계인터내셔날
-0.7958048568306821,0.006452470074461388,-0.5085870614611625,-0.09665082029993524,0.6736817966842109,0.3453184634111197,-0.16769268803572399,0.006452470074461388,0.8859596831757798,-1.4016682300668832,-0.6753960284034114,-0.45781391895292955,0.20534856036968813,신송홀딩스
0.23472753767914648,-0.19281958957134543,-0.18773025642291227,-0.15888772480663385,-0.39250171673491374,-0.2676402147837317,-0.2528850533603585,-0.19281958957134543,-0.5675814709733707,0.6567846590204306,0.3335211145277282,-0.05058542423931952,-0.06260256220803516,신일전자
-1.2408949618111957,0.17602640187739485,-0.38265066596158137,0.2426647499232395,-0.2739752487834447,-0.11251953545265132,-0.3237456536495456,0.1760264018773949,0.06511161790016454,0.9296651786184995,-0.7511627499560412,0.0989661325727197,-1.0551169388309258,아이마켓코리아
0.2306906521034954,-0.19230755288439932,-0.3093438816344266,-0.1933471533149586,-0.16552281486830978,-0.07244651176251579,-0.04679790044556965,-0.19230755288439932,0.14360477452771434,-0.6038508327650107,0.0781756886605814,-0.3697839443675561,0.5967520178174645,엘브이엠씨
0.6310933725721495,-0.23723331205706752,0.4636451901696027,-0.2508246513831928,-0.12443936522812667,-0.2938545421965981,-0.29856528672650623,-0.23723331205706752,-0.8261846599185189,0.6387458949251595,0.8560532987725978,-0.058669783177773965,0.41142210218261777,영원무역
0.3541442458705015,-0.20738958136482566,-0.16673227095536403,-0.18526472543396796,-0.3290692999341955,-0.23005922953138228,-0.09737633198838931,-0.20738958136482566,-0.43114713236032065,0.34026624686836054,1.0014434941844006,-0.17042079811546648,0.7703726359503269,온타이드
0.2039345500323192,-0.18886889892514527,-0.11652865654265454,-0.15563652261390454,-0.3844496469012542,-0.34085037895953485,-0.2969688369504057,-0.18886889892514522,-0.9239768900602072,1.1425049098798583,0.0,0.26695988990374997,0.0,웰바이오텍
-1.3820920758990871,0.252703289069033,-0.3900527661135742,0.28738051975833057,0.0017455158095785748,-0.02290635603512594,-0.008229125172960443,0.252703289069033,0.2011503035254534,0.784647663342792,1.5800662008477857,0.012560815674496382,0.935715992055925,윌비스
-0.5097962078487935,-0.06713520999640724,-0.22830481805960326,-0.005282923164074897,-0.460783268924347,-0.4285161087587203,-0.2869184599508641,-0.06713520999640724,-1.3274989761337328,1.8350077579784578,1.2618637768417944,2.015626193040106,0.1271688110999776,유니퀘스트
-0.9377999599277137,0.05156751295130865,-0.41377180200080477,-0.07606908067544406,0.8729973653000646,0.2635604331252876,-0.23833559062817006,0.05156751295130865,0.4833827681285727,-0.8157178855702519,-0.6289210241137843,-0.3976341067330634,-0.3975288476527086,이마트
0.3565851534278716,-0.2076759336352505,-0.5760887821132807,-0.16697291496646283,-0.4496714125538968,0.08463033060801566,-0.05296600185323058,-0.20767593363525047,1.2207700337080787,-1.7827371215794818,-1.1046220737679566,-0.48755865018683864,-0.9865267004464606,이아이디
1.8488715410502619,-0.3259103007508309,0.38688206296856575,-0.29877504973798313,-0.467690155492775,-0.09479208020203579,-0.3041165779934011,-0.3259103007508309,0.34971800042985257,-1.9225375433178316,-1.1619590522402168,-0.4971093535234398,-1.3313453234359134,인바이오젠
0.0828749232927342,-0.1725274057976809,-0.30112687137395744,-0.17373221128388733,-0.14671675843458487,-0.08771678225978966,-0.29493699178082333,-0.17252740579768092,0.06177054822573506,-0.3691700488981036,0.10168028853119737,-0.3336651567763936,0.370792858695131,일신석재
0.9972295061777184,-0.26993328531108923,-0.04799658977637084,-0.24745743347925309,-0.38736628552989083,-0.1881389605656849,-0.21946845691061898,-0.26993328531108923,-0.18872175447030473,-0.3938407115578124,1.605707582524821,-0.3377657304915648,2.5119792260406446,진도
-0.742339593218279,-0.008879509964047669,-0.4249955495580657,0.006570015331253473,-0.10801314276746114,0.05258236776124047,-0.3118811291771625,-0.008879509964047669,0.6162562298517704,-0.22282615390950877,2.2380169320745,-0.3076706337819923,2.9819662016375097,케이카
-1.5270913729128823,0.34965294632108657,-0.4744638715165753,0.21169684186657983,1.2068719675806292,0.5707651645302158,-0.2924334682683021,0.34965294632108657,1.0672786551782043,-0.6463391962345094,0.6932127186083678,-0.37569603735689777,1.6605316016507043,코오롱모빌리티그룹
-0.771771305496573,-0.0005461735518539432,-0.34908714129264323,-0.052128409983528176,0.33366972784154575,0.024499011520034426,-0.1391017238637427,-0.0005461735518539432,0.11661244847377124,-0.06604807184619821,-0.09944429899805106,-0.2761714798699466,-0.12160328970725508,포스코인터내셔널
0.1018858379222542,-0.1751870845128132,-0.2818289569947822,-0.1390490381896568,-0.39323534976420277,-0.19419914494848323,-0.21656582095407265,-0.17518708451281323,-0.21303243249608733,0.26417626400571015,-0.2158989074479214,-0.19216162470533274,-0.4132253628385575,플레이그램
-0.29997203897483254,-0.11025064040859302,-0.2560960627935011,-0.0874165221433557,-0.24663399832604063,-0.23801893971640922,-0.3075634581917998,-0.11025064040859302,-0.5205866883159355,0.7827907317447493,1.0009092987327957,0.011564220543720574,0.4463985813588019,한국화장품
-1.219396199094356,0.1656012378626062,-0.3856948703897974,0.06940633434587244,0.771487604930396,0.17648721596165962,-0.2994360775134702,0.16560123786260614,0.2992502637687338,-0.05260742408893742,-0.2915765964252838,-0.2732647440718506,-0.35654630639576534,한샘
-1.9574890920192234,0.8434455962412977,-0.4702417941442112,0.8570038504071633,0.6677053715187836,0.7056489233306721,-0.2099986071023866,0.8434455962412977,2.0002503810410865,0.12769179154957955,1.8943511915420077,-0.23080563902109116,1.9419585105776938,한세엠케이
-1.0230909028458315,0.0822120593150776,-0.33091792424762184,0.14629160353230222,-0.34143370050099275,-0.27036751559151867,-0.32628546011152365,0.08221205931507754,-0.6117847019949342,1.3343878416775927,-0.37357559824663733,0.4855697796189467,-0.8243125531560477,한솔피엔에스
0.5304059358306182,-0.22696345774827198,-0.18869269336137134,-0.20075834743823198,-0.37305149471449606,-0.20079520472961662,-0.33383231359854404,-0.22696345774827198,-0.26090644401521457,0.024101535973060275,-0.47338111512148806,-0.2560397391683121,-0.5999179984413072,현대그린푸드
-0.15290735864326255,-0.13633296415881382,-0.4228646064583144,-0.15675248326459498,0.010173348902142271,0.057984688850147674,-0.23586835006510568,-0.1363329641588138,0.514771238490976,-0.9740876232890275,-0.6785121685377734,-0.41605814015331655,-0.36976973719541945,현대백화점
1.0377861240540278,-0.27317052199538344,-0.18866693470851723,-0.2577717826616246,-0.3444219130837064,-0.11051980530764455,-0.30622098906189715,-0.27317052199538344,0.14107699155035006,-1.0599486033699494,-0.38114336714437363,-0.4253077887108292,0.3774045740949581,현대코퍼레이션홀딩스
0.7172292450293575,-0.245544808041856,-0.012559708536222814,-0.23579509222377035,-0.28329775630197057,-0.20765266714408426,-0.30614842316298346,-0.245544808041856,-0.3595559222970528,-0.057293965741140235,0.373140610521759,-0.27356839415075884,0.43256949724008004,현대홈쇼핑
-0.614708292285774,-0.042416699601938564,-0.31645795321359593,0.006641834581050411,-0.3557663848049068,-0.2336709425819501,-0.19817036557946036,-0.042416699601938564,-0.4297843276246982,0.9497819375972942,2.534851538016295,0.11250062113260413,1.5785665191368181,혜인
-1.1809988455957208,0.14764355310715085,-0.3525130421222432,-0.05510614657126153,1.4456247848928954,0.3020824678576401,-0.27429199353988765,0.14764355310715085,0.23247283172322947,-0.5391235027760974,0.28579965418435643,-0.3604252932176149,0.8361364921791408,호텔신라
-1.1631145036849873,0.1395941422512258,-0.45597618385444827,0.18005493777336457,-0.13703638114567412,0.16881069196274476,0.0,0.1395941422512258,1.141441609661921,-0.10995124034277651,0.4008297414299468,-0.28541593782781977,0.5126671486868395,화승인더스트리
1.4693104158791555,-0.3037446936486243,-0.2435375486792532,-0.27394768753895926,-0.4650777061689654,-0.10572742369651725,9.743067521996036,-0.3037446936486243,0.291842760608979,-1.4792614432708062,-1.1298182925686546,-0.4643670509977441,-1.2541245252547275,AP헬스케어
-1.5153092998955746,0.3409483226430029,-0.45193207535634905,0.23991075792141184,0.9599060390380303,0.4414144281353337,-0.2821291106225627,0.3409483226430029,0.9209749725926619,-0.32535530571571764,-0.1714716523894465,-0.3261932885953951,-0.0411018693811166,CJ프레시웨이
1.6982393804425355,-0.31756483076785647,2.3722114981353246,-0.2958663701212083,-0.42499629188585997,-0.1877032895101279,-0.11207092651840507,-0.31756483076785647,-0.1546955975228258,-0.8904372760629182,-0.5876099091896713,-0.40655934281310996,-0.25888470869603014,ES큐브
-0.44830411361503764,-0.08057920642143729,-0.4057374440060286,-0.12416587980866653,0.2101867635702462,0.08989759366970003,-0.16529801337157324,-0.08057920642143729,0.4481696522178099,-0.7690293196766095,-0.7970145262187959,-0.39183101633615036,-0.7301334620409542,HC홈센타
1.1223729590229043,-0.27969838307540706,-0.24255169478365404,-0.2539736492589034,-0.4171589439144313,-0.1161922424509971,0.799139066140399,-0.2796983830754071,0.1878080055492779,-1.0859456457425458,-0.9503286208294051,-0.4280146864228061,-0.8906315915940074,HLB테라퓨틱스
1.4512383118486245,-0.3025895777103004,1.1750148809551126,-0.2748316167672289,-0.4508344893076476,-0.364999625569061,-0.1782510263276612,-0.3025895777103004,-1.0138780411682105,0.8980973414517754,-0.9321659754748381,0.07858783838821096,-1.1993633709889846,ISC
-1.3074096927495409,0.21028675233381625,-0.15305442628981822,-0.13627847251479913,2.433363244643657,0.3484117279055746,-0.27806542028339787,0.2102867523338163,-0.09530368791553384,-0.46197241614313733,0.0,-0.3486971333322615,0.0,JTC
1.309384030341441,-0.2931715000703109,0.7244632587962917,-0.2636361006354261,-0.45391216933295747,-0.3672171912418463,-0.32519697162781874,-0.2931715000703109,-1.0236594622545334,0.963001522069074,0.5644716147715844,0.12161531409949088,-0.007790936832369687,PN풍년
-0.8779038437122387,0.03171213772574982,-0.4289811156633146,0.0028713239667126477,0.21523272733267293,0.13900643505208846,-0.04298819075260262,0.03171213772574982,0.6223888511620718,-0.4090056529418271,-0.1907026886472232,-0.340249432419045,-0.004358901357650418,SDN
1.1680930351936507,-0.28310791646478745,1.2426430531757875,-0.27946948293680623,-0.27714239625135084,-0.283807967655453,-0.11058332559067507,-0.2831079164647875,-0.7095989128581648,0.2989274124833645,-0.9992075046512544,-0.1831922685283508,-1.2206621793762136,YW
0.6588352257722642,-0.23995608534025956,0.40807206748466307,-0.23264333206922136,-0.2622908007803787,-0.40773459940865,-0.3044068415890557,-0.23995608534025956,-1.275756357623161,1.4677774281369864,2.309688155164825,0.7009718787569589,1.0012779638450495,감성코퍼레이션
0.574764736632831,-0.23156450778831839,-0.34973110761399656,-0.24376426667238893,-0.12837593270236022,-0.01474188045398723,-0.22469320163240236,-0.2315645077883184,0.3544218748399045,-1.3478614263807442,-0.4643888250194721,-0.45310604507994184,0.7412508055251347,골프존홀딩스
-0.6494912249783029,-0.033678101925669016,-0.34617641352012596,-0.0014405932999402339,-0.23899347872832366,-0.1401367236644114,-0.3079988535852818,-0.033678101925669016,-0.08923700876985939,0.5436886821682172,-0.8580908728522906,-0.09851801660988647,-1.1059918176326486,그래디언트
1.142134922131615,-0.28118110542481023,0.4997611631668143,-0.24735522916223443,-0.47096466389179653,-0.4119301116736642,-0.2927237318639568,-0.28118110542481023,-1.2416642585110553,1.3931022503014159,-0.8121500640142684,0.572120433307075,-1.1417253634576678,글로본
-2.2357994940894055,1.5930211983614084,-0.4067326646844838,1.7587249166745813,0.35354939358642523,0.13981678321542457,-0.31605366836469784,1.5930211983614084,0.499868309285297,1.5042970828984905,-1.167122941605731,0.7734845557201753,-1.3911031175839685,다우데이타
0.7817255331798767,-0.2515023912951861,0.38285434634046467,-0.22914352478104122,-0.37009906910882084,-0.44073232515653943,-0.325342103425646,-0.2515023912951861,-1.4059042098751136,1.6925545768143326,0.14032042619728594,1.298762858033959,-0.5437941242076608,대동스틸
-1.4611399283339304,0.3028731775331253,-0.44871458544529613,0.3810162478204702,-0.23487797636889765,0.17968068479889265,-0.20346767620015738,0.3028731775331253,1.3290690487469858,0.29879477451207576,-0.5933970265820578,-0.1832363886252862,-0.8094235757289562,대산F&B
0.20538970646075153,-0.18905818262932436,-0.26544879547526623,-0.15820267965472487,-0.36920439468285865,-0.18747674056123823,-0.2696840589588703,-0.18905818262932436,-0.20052540193851914,0.1581100996318009,0.4507770161550059,-0.2229133322692966,0.3475256770209306,대원미디어
0.8982788690443164,-0.2617406983199518,0.1633203731518124,-0.23086994905500538,-0.43439037335846276,-0.3413949677789811,-0.32617661126315317,-0.2617406983199518,-0.9041063177859691,0.8882821315764078,2.141327555334011,0.07244476371491339,1.316217689760475,대한과학
0.5691788135688487,-0.23099422996162486,-0.016013709714390995,-0.19962305083567317,-0.4100910159493302,-0.3310434234989461,2.614629008111753,-0.23099422996162486,-0.864848749111423,0.9358991632690714,-0.8241694616753789,0.10312899348356429,-1.1146728485392916,더테크놀로지
1.1875733551226653,-0.28453725110275546,-0.03735592445189896,-0.25674421493376115,-0.43492717801404013,-0.1900384863679136,3.0478837075757483,-0.2845372511027555,-0.15753111060178246,-0.591780777377734,-0.9343917898565252,-0.3638458983800172,-1.0217555351722565,디에이치엑스컴퍼니
-1.1981321390272632,0.15554250768539504,-0.5237214408608238,0.21486517569415886,-0.2449341169167125,0.3903755639768277,0.26839208148590404,0.15554250768539504,2.2856480695462973,-0.8073616933790603,0.43991504197237274,-0.3966063680044509,1.555652635232074,디와이디
0.047951169010356856,-0.16755021506343243,-0.22119777156757595,-0.12428189551987694,-0.43034644495311375,-0.2874937447854655,-0.024701584226360776,-0.16755021506343237,-0.6408432158738534,0.876477352131708,0.0,0.0651415900221972,0.0,딥마인드
-0.5710066589028526,-0.0529996000368765,-0.20860881540904586,-0.03601603751947541,-0.1574707450346502,-0.3798211548791111,-0.26514869027676674,-0.05299960003687654,-1.1798105080910257,1.4899279693422085,-1.0863703958381221,0.9944250246734881,-1.3358877233289244,리드코프
-1.4610929878039811,0.3028343501066271,-0.32322077043566344,0.4167905210558461,-0.46690284199792825,-0.47434434709276424,0.014774264782669168,0.3028343501066271,-1.5560545187305583,2.137731821116497,0.34055468797385957,9.769782540130718,-0.5149246493320803,매커스
0.3062179647921315,-0.2016795229554221,-0.4475156372397219,-0.19100197858120568,-0.24981903928246596,0.009211314180538265,0.08204285307563021,-0.20167952295542213,0.5884945785438469,-1.2174340879468002,-0.381766595171246,-0.44108721161477893,0.666906860609522,메디앙스
-0.9115602036859813,0.04271485970970041,-0.5213165193625332,0.010365386455136322,0.24783466341473454,0.3426521565511107,-0.11377622514287603,0.04271485970970041,1.3230243503228534,-1.1761394662189004,0.0,-0.43709044989239687,0.0,모다이노칩
0.2622816287594628,-0.19628736410047323,0.26705280989112884,-0.19766183286044983,-0.16690061348429155,-0.47673618118777233,-0.262536317915875,-0.19628736410047323,-1.5941031477202778,2.0091172016234995,1.4502567061077927,4.060128127327502,0.17678191215364158,미래반도체
0.16891691469004286,-0.18427998245587957,-0.24548115612188343,-0.17814357058872055,-0.20481691565656854,-0.14533863606776234,-0.08482243147632647,-0.18427998245587957,-0.139572861101724,-0.08315837014244785,-0.2869469025113744,-0.27981787611666525,-0.3359036224375268,바른손
-1.259389530611272,0.18524548895658066,-0.5476324957966033,-0.019713067815576992,1.4936330145900256,0.6726555542933381,0.7508464604133596,0.18524548895658066,1.097040552146477,-1.6045601134815852,-0.997515885721172,-0.47438490830189645,-0.6422632596661536,바이온
-0.12957791525839488,-0.1402035732378613,-0.4432279923873654,-0.17008324093843669,0.06798721030781803,0.0886646445824737,2.1349321333430162,-0.14020357323786126,0.5773503527219012,-1.1775100585888845,-1.1624042151165541,-0.4372228101832031,-1.3776273312347027,베뉴지
-0.17698785050732102,-0.13226336451896265,-0.25372392503520663,-0.09193561032288433,-0.3796720854666161,-0.2692217007154037,-0.26293543035990014,-0.13226336451896265,-0.5832097639899454,0.8840819291522638,0.5735529374488678,0.06981832029734807,0.035311391041311875,보라티알
-0.8487068340836921,0.02248091707578332,-0.44087458819478303,0.02597226189177236,-0.0024773474809629058,0.11593329594978823,-0.2497647197070712,0.02248091707578332,0.7585814018381568,-0.3547567226847257,0.12393843234806862,-0.3312385514449474,0.3875997382992714,블루엠텍
0.3628751844410955,-0.2084088013104056,-0.39474552432445487,-0.2269806604506189,-0.06635710149466226,0.016913978442786547,0.5527052734296163,-0.2084088013104056,0.4250239524337688,-1.3334038875102698,-0.7692363627353405,-0.4518161810695368,-0.2037197855509084,비엘팜텍
-0.09718894959328661,-0.14546468952837846,-0.3012088307239479,-0.12695578143539263,-0.25017690905285084,-0.14573509672831922,-0.269538927161043,-0.14546468952837846,-0.10510708972339916,0.13065403957502844,-0.33555868860742133,-0.23004521617391072,-0.48671129888549003,삼천리자전거
1.2548860750701505,-0.2893736924159477,0.3879522179098695,-0.25907834055216067,-0.4554152223685739,-0.30401003450163244,-0.24421342844017638,-0.2893736924159477,-0.7078404551347809,0.43130010782954387,1.1335678358813481,-0.14022188941310484,0.8218531680711174,서린바이오
0.8949930319478558,-0.26145919947783924,-0.13677964107743282,-0.2626223443017543,-0.2266469716500456,-0.088666545160904,-0.08478614852686965,-0.26145919947783924,0.12859194171432425,-1.1084056755474418,-0.8875606552658281,-0.4303245032623645,-0.7325056042073044,서울리거
-0.38362006334472043,-0.09396981513503222,-0.1278741722770441,-0.18372613612101113,0.4972698933729892,-0.06239558051081512,0.0,-0.09396981513503222,-0.2778755610458695,-0.07033669958453473,0.0,-0.2770902160061305,0.0,서울옥션
-0.7591912434701252,-0.004135283788788831,-0.3399100357894291,0.018284839884664717,-0.14891765752245184,-0.13964441537163197,-0.16290333870742252,-0.004135283788788831,-0.15781685998183215,0.6299917888201017,2.7110470044706476,-0.06254197050880904,2.0747480007833805,서플러스글로벌
0.45675624433995937,-0.2190450894567786,-0.27203364382306877,-0.18133952720468305,-0.4404204789894479,-0.1776000777317604,0.1619379077795677,-0.2190450894567786,-0.09121527370866607,-0.08753542319497669,-0.6075532060495878,-0.2807366122528491,-0.7186765200885821,소노스퀘어
-0.47322953501818593,-0.0752210215646744,-0.4055899171760458,-0.05345982838360934,-0.20830614591782104,-0.012201918200089756,-0.07676761669691044,-0.0752210215646744,0.4473563655207447,-0.23140340938618154,-0.1557128865671017,-0.30927971967022394,-0.08612209943184743,손오공
0.6896282134190911,-0.2429263834673781,-0.0183764806898293,-0.20563653186674513,-0.45913706798057663,-0.32566288596281684,0.0,-0.2429263834673781,-0.8139194172979161,0.8483581022184916,0.0,0.04830847539143772,0.0,스튜디오삼익
-0.9845996682872973,0.06801578150164334,-0.28813514355261727,-0.08171794089985478,1.0308895079938694,0.11491818239034032,-0.28699102584977776,0.06801578150164334,-0.030636405138089934,-0.16605710219792089,2.3178791520894335,-0.2967392309412955,2.957992424424397,신라에스지
-0.07930460768255304,-0.1483185053760022,-0.27236850631017256,-0.10249856460070668,-0.42963070541234405,-0.24547327147699,0.0,-0.14831850537600222,-0.4346640478070886,0.6948075441232076,1.6701671670184803,-0.03288807476859035,1.0873312062626461,실리콘투
0.7530918099107232,-0.24888639343486435,0.0004811948951116772,-0.232825642472552,-0.32695786828892476,-0.2314054530930535,-0.30854309782713424,-0.24888639343486432,-0.4388403849001254,0.10638129082918596,1.2436120989119597,-0.23619088614702796,1.2580749711299348,아가방컴퍼니
1.122889304852348,-0.27973478378774924,-0.08608661226049476,-0.25173344112100754,-0.4319389654313264,-0.17567876837675386,0.029867971756710052,-0.27973478378774924,-0.08943483526373978,-0.5867405344687614,-0.9125788089159914,-0.3673547437362902,-0.9885960159532768,아이로보틱스
1.6950943649359231,-0.31738525392030187,6.483788933146674,-0.2987198041612163,-0.4051882000950574,-0.23237264283639014,-0.09534448681880688,-0.3173852539203019,-0.3884166096820913,-0.4578164263760896,-1.0847678094833073,-0.34804830837732936,-1.2701743382100328,안트로젠
1.0755263101333712,-0.27611897969509674,-0.06549842354289868,-0.2704976012698692,-0.2837272000264324,-0.1036362026298435,-0.24798685518368657,-0.27611897969509674,0.11450229920571045,-1.1498771479037266,-0.9018058673086257,-0.4345003406723078,-0.7407323951246464,애머릿지
-0.3354121390866538,-0.103494668197892,-0.2105828648959582,-0.05056219788218786,-0.4355713436007329,-0.3983502448719516,-0.3138404084478313,-0.103494668197892,-1.1845143825010778,1.6448933324645731,2.3150301096808743,1.1347476953265725,0.8937744997104575,에스에이엠티
1.192877635006951,-0.2849255253677383,5.838768848721989,-0.2920461384877804,-0.2090755659241485,-0.44911899297601227,-0.21184903752468487,-0.2849255253677383,-1.4696702830693231,1.6999823032065031,-1.0534283429891527,1.3268517879828812,-1.317617181537036,에스티큐브
1.0652463340744458,-0.27532059073772586,0.19592614427371946,-0.245860836310691,-0.4374322664067342,-0.2971177184027203,-0.3007785466433728,-0.27532059073772586,-0.6840792951475556,0.45999412228501163,0.0,-0.13007426711796616,0.0,에스피소프트
0.656441258744843,-0.23972069406711372,0.2436054107067237,-0.2526505176953373,-0.13095259504913132,-0.2109637671663177,-0.30781743883799767,-0.23972069406711372,-0.47282258040451963,0.01419790078349991,0.05698593574692001,-0.25833657950877187,0.010933844948819793,에이유브랜즈
0.8727432207518255,-0.2595518021511111,-0.12185133090060447,-0.2272016427576863,-0.44203089295617976,-0.21281536915243507,-0.04984566819994331,-0.2595518021511111,-0.26407166791730574,-0.11247136179726298,-1.0499560725537207,-0.28593499779176546,-1.2482194053938134,엑시온그룹
0.13793616492341795,-0.1801303012488757,-0.2458464606532693,-0.14939377243925012,-0.36043658530842937,-0.21386097968577192,-0.11907353576357306,-0.1801303012488757,-0.3326954805723633,0.3709940435502559,-0.974367416151626,-0.16055087290103873,-1.201028917616422,엠젠솔루션
-0.8078216324977368,0.010027020026459419,-0.5163427576659712,0.007108659704730314,0.027905796024712586,0.27619489373644146,-0.2844149364383429,0.010027020026459419,1.3561712784086406,-1.0873162381125296,-0.11760694435261805,-0.42815742791289113,1.02949131429164,예스24
-0.8049582601708214,0.00916796321518497,-0.29953451828842914,0.03321495700590683,-0.14753985890647006,-0.23719552142140646,-0.16693074609713054,0.00916796321518497,-0.5746153018669065,1.0795902988318913,0.3273778668342718,0.21093515269526936,-0.24000851358507364,오토앤
-0.14150080986555047,-0.13823550805722962,-0.22890663385810442,-0.0921151584473766,-0.42256277744724285,-0.3146360515466684,-0.7206085548083414,-0.13823550805722967,-0.77848649417173,1.1226092141865447,-0.3405445128224004,0.24854364238295618,-0.7627377990507883,오하임앤컴퍼니
0.3510461708938389,-0.2070280009555604,-0.012608884146217107,-0.18314329528612078,-0.3401453693276072,-0.3600024785618219,-0.16943426960965174,-0.2070280009555604,-1.0327594809730452,1.2166053231731766,1.2557205291483375,0.34171490591121184,0.399561391350867,우리로
-0.5001733992091598,-0.06928770545290573,-0.30247100471380056,-0.06659722653876705,-0.07947302857926776,-0.14462849224720442,-0.31456606743696786,-0.06928770545290573,-0.22896845561425433,0.4452270948148632,0.2280175128357586,-0.13534272575201514,-0.05624320235781978,우리엔터프라이즈
0.7827582248387644,-0.25159703314727566,-0.4181718482474338,-0.25688232887567825,-0.191110503450828,-0.00408100972450671,-0.2561505188114731,-0.25159703314727566,0.46447934760219556,-1.6536361628584253,-0.7909603111006068,-0.47813252124158456,0.42202103526631,원익
0.509423518943222,-0.22474544100955765,-0.013145132464725887,-0.18796623413786712,-0.43954369805200494,-0.3710205995568592,-0.2737477492980352,-0.22474544100955765,-1.0481679667741968,1.242116026317715,0.9215812741694664,0.370006269246073,0.14109883743854448,원익큐브
0.9957743497492864,-0.2698168030315944,-0.09358472193676211,-0.2633405367997234,-0.28361983909531696,-0.1126153830848739,-0.2608673022408609,-0.2698168030315944,0.07353023425086497,-1.0063628629692918,-1.0550309293439672,-0.4195929385077869,-1.1493969721658641,위즈코프
-0.7747285588833873,0.00031045654526442,-0.2027756513854412,-0.008923606673010525,0.06011407535935092,-0.3477993322956695,-0.18797485678209136,0.00031045654526442,-1.108900700395569,1.5367049605500436,1.7078279463566268,0.8440585437180542,0.5503690677988302,유니트론텍
0.9628690382547342,-0.26713771060321295,0.012742313653680011,-0.24517026660110533,-0.3815866887381752,-0.215664657855778,-0.27657781935566783,-0.26713771060321295,-0.32541986174186227,-0.14806255075974606,0.43083371929508923,-0.29316290778970955,0.585547431414704,이글벳
1.105474368241109,-0.2784170780009638,0.2952351178092667,-0.26577134217746495,-0.33128809251058167,-0.2151157123257762,-0.2513248865337149,-0.2784170780009638,-0.35990761384172953,-0.24431350525828727,-0.5038302558629679,-0.3116829673032926,-0.5293593867698707,이상네트웍스
1.009668746614318,-0.27093309154342,0.1904676515643569,-0.2564597002134118,-0.3364235237156046,-0.22788087425359713,0.2914317543909905,-0.27093309154342,-0.41593647305304976,-0.07851604114734119,-0.8501669736534844,-0.2788342574849881,-1.0117117842977104,이트론
1.6373575130981217,-0.31403153495651276,1.5716442759073725,-0.28481173021016093,-0.4705352201673347,-0.310614807703877,-0.30335463605480767,-0.3140315349565128,-0.7322830174898175,0.3212990169740682,-0.9823803479256997,-0.1763484629037266,-1.205318961959821,인콘
1.7916040945119551,-0.3228016799168122,5.996027766092198,-0.2946288692016308,-0.4716267229670086,-0.4127012494420002,3.2324187885131805,-0.3228016799168122,-1.2453570197301616,1.2587399853859051,-0.924064011125497,0.3892270597109828,-1.2135962239870854,인크레더블버즈
0.6384630357742108,-0.23795889958975416,0.013779684854987418,-0.19863691729038482,-0.46785119688944815,-0.3685198476979618,-0.2388798348700225,-0.23795889958975416,-1.0245826525593098,1.1841532328645277,-0.6321261968234138,0.3076775487754716,-0.9918261669883068,일월지엠엘
-0.5545774734205513,-0.05687020911592397,-0.2714411948074237,-0.015925983528209172,-0.3161680947118209,-0.2973442673516099,-0.3190651531696146,-0.056870209115924004,-0.7514502066747022,1.217312725686717,0.6576887210766411,0.34246754285893316,-0.04266647378870938,정원엔시스
1.4499239770100403,-0.3025070694289915,0.6165438701203212,-0.27266875243680655,-0.4642546056970802,-0.27935105275710465,-0.29268744891449994,-0.3025070694289915,-0.5791653112261624,0.11867240950194403,0.8123383043162624,-0.23310247936155096,0.7726438358968325,제로투세븐
0.5931184838430592,-0.23343065097439206,-0.0215963122965962,-0.20555918805927154,-0.3896387585718348,-0.30684189636275316,-0.2615929612299974,-0.23343065097439203,-0.7580444231373918,0.7509576186354477,0.6220756909696473,-0.005131343196593303,0.14185590408737966,제이씨현시스템
1.618018014758956,-0.3128861258748135,0.4340321061702034,-0.2905572701939137,-0.4248889309547445,-0.13200274505716172,-0.323019994660409,-0.3128861258748134,0.11839288691869752,-1.361434712109294,-0.8782122348627421,-0.4543076688964762,-0.4986729519370856,중앙에너비스
0.1069554151567927,-0.17589083161809457,-0.5629776278105258,-0.13479236649977078,-0.42376164117803217,0.11307965053588968,-0.10481433662703926,-0.17589083161809457,1.3184303795205128,-1.636614289876368,-0.763805375644024,-0.47684525253099913,0.4913683402996105,지더블유바이텍
-0.60841826127255,-0.043969796661869835,-0.1557754767095005,-0.04702371869027093,-0.019583522505359694,-0.3960019778824992,-0.2766503852545815,-0.04396979666186987,-1.279866752551571,1.7016623841761607,0.01603095112387685,1.3334542307242707,-0.6261125044910036,청담글로벌
-0.8675769271233638,0.028416659901708146,-0.4431085659059507,0.06416905366837479,-0.20610524682995407,0.08093148334633639,-0.24961958790924388,0.028416659901708146,0.8532303887992964,-0.18577594726284932,0.15109336780465166,-0.3005906558737727,0.2706077054992786,카스
1.5289718294448835,-0.30748911359155234,1.0818458335817058,-0.2776491411823384,-0.4687100843383719,-0.3238199973978106,-0.1772713866923268,-0.30748911359155234,-0.799653929016964,0.49120825819496555,-0.805828751170277,-0.11865235261134068,-1.0512306633669055,케이바이오
-0.14741531663917878,-0.13725026210983574,-0.48626367621948324,-0.10434100458588125,-0.3360835474337389,0.06434112955072475,0.5512902384007999,-0.13725026210983574,0.9509786574979002,-1.0167970500440073,0.15634628974543321,-0.4207218939293688,1.4749998015761687,케이옥션
-0.10784444989180784,-0.1437441491916734,-0.1702307643520984,-0.09598787337873302,-0.4381122189704655,-0.39540075182583057,-0.3033183531053508,-0.14374414919167336,-1.169171838864553,1.5715445343418903,-1.0917123503541712,0.9275259812203447,-1.3406320076616247,케이티알파
-0.3004414442743271,-0.11016327869897188,-0.5010257260006167,-0.0769088134423002,-0.31407455655506944,0.10701946615309131,0.6964583191775728,-0.11016327869897188,1.1179442183332038,-1.0529187908916453,-0.5284922792120612,-0.4245707235620263,0.03722929321836095,케이피엠테크
1.5112283091239982,-0.30638738536466353,1.9549681558126146,-0.2789556990728745,-0.4521228204810331,-0.44474485557821963,0.0,-0.30638738536466353,-1.410278373462031,1.6155361281526615,2.0530962732439333,1.0460325615887907,0.7383234811496387,큐렉소
-1.6043554852096473,0.4112429516039861,-0.45945828538118455,0.3813256230503646,0.5621874697208047,0.4233210091980502,-0.1779970456814634,0.4112429516039861,1.2389261097020174,-0.09637795461422727,2.3309669406537536,-0.28259225162395507,2.8279283741545167,큐로홀딩스
1.0115463678122956,-0.27108597453525696,0.5623055139923687,-0.25902861953307055,-0.32112459103165136,-0.328337906243937,2.3091265736852526,-0.27108597453525696,-0.892786246191685,0.6921989973545287,0.10061189762798767,-0.019023983131600364,-0.2826061303595317,포니링크
-0.12230213311623286,-0.14139266317437116,-0.2204601374176621,-0.1686219954329534,0.04975374550670891,-0.1161748156087748,-0.2822016765214764,-0.14139266317437116,-0.2029652620297144,-0.018077338896764435,1.2507347049333586,-0.2656553250004064,1.419229225111979,폰드그룹
-2.668074834393724,11.592379387028352,-0.5352823926009025,11.570737118620452,10.524047226527765,11.72482859903295,-0.17157496362760466,11.592379387028352,6.887839661743615,-0.4824428763787022,-0.5200341845616502,-0.33552598674713896,-0.4319501446197471,푸드나무
-0.7682507657503654,-0.001550833212496954,-0.2385239781555529,0.04401270498498833,-0.29652104431769155,-0.4235494587253702,-0.20531810662245564,-0.001550833212496954,-1.340006006691301,1.860872162379765,1.9554275381755024,2.202394349267053,0.5481483389622472,피씨디렉트
-1.4025581469570394,0.2651135052635463,-0.4787515163689318,0.2854331131772989,0.10584983201453736,0.3538489026789263,0.9777600263163682,0.26511350526354627,1.5496455894239565,-0.30077306837020146,-0.9559376730712567,-0.3218850908946457,-1.1080106620295422,하이퍼코퍼레이션
0.9524951811359104,-0.2662859339344069,0.012444918298000427,-0.25742649780683174,-0.29589477221951804,-0.1601688787989236,-0.3103209623505188,-0.2662859339344069,-0.13306656752520366,-0.5870500230684351,0.45941317595595205,-0.3673936732335861,1.1774726085839522,한국가구
-0.1034789806065105,-0.14445274972526703,-0.2788784203951267,-0.12369353012730996,-0.2638475342815529,-0.17824487089398477,-0.30723691164668837,-0.144452749725267,-0.24046437298087664,0.3224485460585706,0.04211749567725004,-0.17598512092896457,-0.17712151062183315,한국정보공학
-0.6329681584361028,-0.03786903727332731,-0.3856316446055191,-0.038747931290596276,-0.028208183971635055,-0.003802180248950242,0.000188519101023929,-0.03786903727332731,0.3043497911665472,-0.09708535712776722,1.318577527287182,-0.2827453743133191,1.6080921184413892,형지글로벌
0.9830534661329903,-0.26878787622938993,0.07570816970775654,-0.23579509222377035,-0.454466867477054,-0.28808625742102306,-0.09494537437478176,-0.26878787622938993,-0.6290395684056389,0.4252871864644534,-0.6882167192419293,-0.14232148696726526,-0.9291915195746783,홈캐스트
1.2249380169624133,-0.28724303738685447,-0.49222095011593053,-0.2573187689321364,-0.4511207851239555,-0.044925171182978216,-0.31797666468590974,-0.28724303738685447,0.5786252345713544,-1.7881310657452245,-0.8906767954001901,-0.48794275456015845,0.4063245200804611,흥구석유
